CREATE TABLE INFO(
REGNO VARCHAR(10),
NAME VARCHAR(20)NOT NULL,
DOB DATE NOT NULL,
PHONE NUMBER(10) NOT NULL,
GENDER CHAR(1)NOT NULL,
CID VARCHAR(2)NOT NULL,
CNAME VARCHAR(11)NOT NULL,
INS_ID VARCHAR(2)NOT NULL,
INS_NAME VARCHAR(10)NOT NULL,
INS_OFFICE VARCHAR(10)NOT NULL,
CONSTRAINT USERDETAILs_PK PRIMARY KEY (regno)
);

INSERT INTO INFO
(REGNO,NAME,DOB,PHONE,GENDER,CID,CNAME,INS_ID,INS_NAME,INS_OFFICE)
VALUES('14MO1','KENNY',TO_DATE('12-JAN-1996', 'DD/MM/YYYY'),12345,'M','C1','DBMS','I1','QUASI TECH','G123');
INSERT INTO INFO
(REGNO,NAME,DOB,PHONE,GENDER,CID,CNAME,INS_ID,INS_NAME,INS_OFFICE)
VALUES('14MO5','MARY',TO_DATE('10-JUN-1995', 'DD/MM/YYYY'),12367,'F','C1','DBMS','I1','QUASI TECH','G123');
INSERT INTO INFO
(REGNO,NAME,DOB,PHONE,GENDER,CID,CNAME,INS_ID,INS_NAME,INS_OFFICE)
VALUES('14MO7','RALPH',TO_DATE('10-JUL-1996', 'DD/MM/YYYY'),12898,'M','C1','DBMS','I2','VALEO TECH','G127');
INSERT INTO INFO
(REGNO,NAME,DOB,PHONE,GENDER,CID,CNAME,INS_ID,INS_NAME,INS_OFFICE)
VALUES('14MO1','KENNY',TO_DATE('12-JAN-1996', 'DD/MM/YYYY'),12345,'M','C3','DS','I5','FXC TECH','G125');
INSERT INTO INFO
(REGNO,NAME,DOB,PHONE,GENDER,CID,CNAME,INS_ID,INS_NAME,INS_OFFICE)
VALUES('14BO1','RACHEL',TO_DATE('10-APR-1995', 'DD/MM/YYYY'),23456,'F','C3','DS','I5','FXC TECH','G125');
INSERT INTO INFO
(REGNO,NAME,DOB,PHONE,GENDER,CID,CNAME,INS_ID,INS_NAME,INS_OFFICE)
VALUES('14MO9','STEVE',TO_DATE('23-OCT-1995', 'DD/MM/YYYY'),34567,'M','C4','OS','I5','FXC TECH','G125');
INSERT INTO INFO
(REGNO,NAME,DOB,PHONE,GENDER,CID,CNAME,INS_ID,INS_NAME,INS_OFFICE)
VALUES('14BO3','WARNER',TO_DATE('20-JUL-1996', 'DD/MM/YYYY'),23456,'M','C4','OS','I5','FXC TECH','G125');

-----------------------------------------------------------------------------------------------------------------------------------
CREATE TABLE INFO2
(
REGNO VARCHAR(50) PRIMARY KEY,
NAME VARCHAR(50) NOT NULL,
DOB DATE NOT NULL,
PHONE NUMBER(10) NOT NULL,
GENDER VARCHAR(3) NOT NULL,
CONSTRAINT FK_REGNO
FOREIGN KEY(REGNO)
REFERENCES INFO(REGNO)
);

INSERT INTO INFO2(REGNO,NAME,DOB,PHONE,GENDER)VALUES('14MO1','KENNY',TO_DATE('12-JAN-1996', 'DD/MM/YYYY'),12345,'M');
INSERT INTO INFO2(REGNO,NAME,DOB,PHONE,GENDER)VALUES('14MO5','MARY',TO_DATE('10-JUN-1995', 'DD/MM/YYYY'),12367,'F');
INSERT INTO INFO2(REGNO,NAME,DOB,PHONE,GENDER)VALUES('14MO7','RALPH',TO_DATE('10-JUL-1996', 'DD/MM/YYYY'),12898,'M');
INSERT INTO INFO2(REGNO,NAME,DOB,PHONE,GENDER)VALUES('14MO1','KENNY',TO_DATE('12-JAN-1996', 'DD/MM/YYYY'),12345,'M');
INSERT INTO INFO2(REGNO,NAME,DOB,PHONE,GENDER)VALUES('14BO1','RACHEL',TO_DATE('10-APR-1995', 'DD/MM/YYYY'),23456,'F');
INSERT INTO INFO2(REGNO,NAME,DOB,PHONE,GENDER)VALUES('14MO9','STEVE',TO_DATE('23-OCT-1995', 'DD/MM/YYYY'),34567,'M');
INSERT INTO INFO2(REGNO,NAME,DOB,PHONE,GENDER)VALUES('14BO3','WARNER',TO_DATE('20-JUL-1996', 'DD/MM/YYYY'),23456,'M');

CREATE TABLE COURSE_DETAILS
(
CID VARCHAR(6) PRIMARY KEY,
CNAME VARCHAR(50) NOT NULL
);
 
INSERT INTO COURSE_DETAILS(CID,CNAME)VALUES('C1','DBMS');
INSERT INTO COURSE_DETAILS(CID,CNAME)VALUES('C3','DS');
INSERT INTO COURSE_DETAILS(CID,CNAME)VALUES('C4','OS');

CREATE TABLE IN_DETAILS
(
INS_ID VARCHAR(50) PRIMARY KEY,
INS_NAME VARCHAR(50) NOT NULL,
INS_OFFICE VARCHAR(50) NOT NULL
);

INSERT INTO IN_DETAILS(INS_ID,INS_NAME,INS_OFFICE)VALUES('I1','QUASI TECH','G123');
INSERT INTO IN_DETAILS(INS_ID,INS_NAME,INS_OFFICE)VALUES('I2','VALEO TECH','G127');
INSERT INTO IN_DETAILS(INS_ID,INS_NAME,INS_OFFICE)VALUES('I5','FXC TECH','G125');

------------------------------------------------------------------------------------------------------------------------------
CREATE TABLE BCNF1
(
REGNO VARCHAR(50) NOT NULL,
NAME VARCHAR(50) NOT NULL,
GENDER VARCHAR(3) NOT NULL,
CONSTRAINT PK_REGNO
PRIMARY KEY(REGNO)
);

INSERT INTO BCNF1(REGNO,NAME,GENDER)VALUES('14MO1','KENNY','M');
INSERT INTO BCNF1(REGNO,NAME,GENDER)VALUES('14MO5','MARY','F');
INSERT INTO BCNF1(REGNO,NAME,GENDER)VALUES('14MO7','RALPH','M');
INSERT INTO BCNF1(REGNO,NAME,GENDER)VALUES('14BO1','RACHEL','F');
INSERT INTO BCNF1(REGNO,NAME,GENDER)VALUES('14MO9','STEVE','M');
INSERT INTO BCNF1(REGNO,NAME,GENDER)VALUES('14BO3','WARNER','M');

CREATE TABLE BCNF2
(
REGNO VARCHAR(50) PRIMARY KEY,
DOB DATE NOT NULL,
CONSTRAINT FK_BCNF2
FOREIGN KEY(REGNO)
REFERENCES BCNF1(REGNO)
);

INSERT INTO BCNF2(REGNO,DOB)VALUES('14MO1',TO_DATE('12-JAN-1996', 'DD/MM/YYYY'));
INSERT INTO BCNF2(REGNO,DOB)VALUES('14MO5',TO_DATE('10-JUN-1995', 'DD/MM/YYYY'));
INSERT INTO BCNF2(REGNO,DOB)VALUES('14MO7',TO_DATE('10-JUL-1996', 'DD/MM/YYYY'));
INSERT INTO BCNF2(REGNO,DOB)VALUES('14BO1',TO_DATE('10-APR-1995', 'DD/MM/YYYY'));
INSERT INTO BCNF2(REGNO,DOB)VALUES('14MO9',TO_DATE('23-OCT-1995', 'DD/MM/YYYY'));
INSERT INTO BCNF2(REGNO,DOB)VALUES('14BO3',TO_DATE('20-JUL-1996', 'DD/MM/YYYY'));


CREATE TABLE BCNF3
(
REGNO VARCHAR(50) PRIMARY KEY,
PHONE NUMBER(11) NOT NULL,
CONSTRAINT FK_BCNF3
FOREIGN KEY(REGNO)
REFERENCES BCNF2(REGNO)
);
INSERT INTO BCNF3(REGNO,PHONE)VALUES('14MO1',12345);
INSERT INTO BCNF3(REGNO,PHONE)VALUES('14MO5',12367);
INSERT INTO BCNF3(REGNO,PHONE)VALUES('14MO7',12898);
INSERT INTO BCNF3(REGNO,PHONE)VALUES('14BO1',23456);
INSERT INTO BCNF3(REGNO,PHONE)VALUES('14MO9',34567);
INSERT INTO BCNF3(REGNO,PHONE)VALUES('14BO3',23456);

CREATE TABLE BCNF4
(
CID VARCHAR(6) PRIMARY KEY,
CNAME VARCHAR(50) NOT NULL
);

INSERT INTO BCNF4(CID,CNAME)VALUES('C1','DBMS');
INSERT INTO BCNF4(CID,CNAME)VALUES('C3','DS');
INSERT INTO BCNF4(CID,CNAME)VALUES('C4','OS');

CREATE TABLE BCNF5
(
INS_ID VARCHAR(11)PRIMARY KEY,
INS_NAME VARCHAR(11)NOT NULL
);

INSERT INTO BCNF5(INS_ID,INS_NAME)VALUES('I1','QUASI TECH');
INSERT INTO BCNF5(INS_ID,INS_NAME)VALUES('I2','VALEO TECH');
INSERT INTO BCNF5(INS_ID,INS_NAME)VALUES('I5','FXC TECH');

CREATE TABLE BCNF6
(
INS_ID VARCHAR(11) PRIMARY KEY,
INS_OFFICE VARCHAR(11) NOT NULL,
CONSTRAINT FK_BCNF6
FOREIGN KEY(INS_ID)
REFERENCES BCNF5(INS_ID)
);

INSERT INTO BCNF6(INS_ID,INS_OFFICE)VALUES('I1','G123');
INSERT INTO BCNF6(INS_ID,INS_OFFICE)VALUES('I2','G127');
INSERT INTO BCNF6(INS_ID,INS_OFFICE)VALUES('I5','G125');